{
    "defaultSeverity": "warning",
    "extends": ["tslint:recommended"],
    "linterOptions": {
        "exclude": ["src", "node_modules/**"]
    },
    "rules": {
        "quotemark": [true, "single"],
        "indent": [true, "spaces", 2],
        "interface-name": false,
        "ordered-imports": false,
        "object-literal-sort-keys": false,
        "no-consecutive-blank-lines": false,
        "no-eval": true,
        "class-name": true,
        "comment-format": [true, "check-space"],
        "no-internal-module": true,
        "no-unsafe-finally": true,
        "no-var-keyword": true,
        "triple-equals": [true, "allow-null-check"],
        "typedef-whitespace": [
            true,
            {
                "call-signature": "nospace",
                "index-signature": "nospace",
                "parameter": "nospace",
                "property-declaration": "nospace",
                "variable-declaration": "nospace"
            }
        ],
        "variable-name": [true, "ban-keywords"],
        "adjacent-overload-signatures": true,
        "member-access": true,
        "no-reference": true,
        "no-var-requires": true,
        "no-any": true,
        "import-blacklist": [true, "lodash"],
        "no-arg": true,
        "no-conditional-assignment": true,
        "no-construct": true,
        "no-duplicate-super": true,
        "no-duplicate-switch-case": true,
        "no-return-await": true,
        "no-string-throw": true,
        "no-angle-bracket-type-assertion": true
    }
}
